frame,ID,xmin,ymin,xmax,ymax,remove,x,y,velocity
3594,28447,356,155,372,163,False,364.0,159.0,0.5
3594,28657,355,155,371,164,False,363.0,159.5,0.5
3594,29754,528,97,538,115,False,533.0,106.0,0.783122755383854
3594,29874,483,215,490,232,False,486.5,223.5,5.07847011665539
3594,29929,514,344,530,360,False,522.0,352.0,4.7909419741842
3594,29943,83,128,95,156,False,89.0,142.0,9.21954445729289
3594,29987,0,201,9,223,False,4.5,212.0,8.0156097709407
3594,29993,93,105,117,115,False,105.0,110.0,10.1980390271856
