frame,ID,xmin,ymin,xmax,ymax,remove,x,y,velocity
3972,32102,462,212,475,236,False,468.5,224.0,0.755190373349661
3972,32343,161,241,178,267,False,169.5,254.0,10.0623058987491
3972,32403,97,257,130,270,False,113.5,263.5,12.1757956618859
3972,32404,389,249,408,261,False,398.5,255.0,6.5
3972,32405,271,177,286,202,False,278.5,189.5,4.92442890089805
3972,32413,343,450,357,458,False,350.0,454.0,7.0178344238091
3972,32421,42,96,64,105,False,53.0,100.5,8.13941029804985
3972,32441,413,363,437,372,False,425.0,367.5,7.51664818918645
3972,32445,278,139,302,147,False,290.0,143.0,6.02079728939615
