frame,ID,xmin,ymin,xmax,ymax,remove,x,y,velocity
3894,31711,465,53,482,75,False,473.5,64.0,4.02499904148443
3894,31768,336,123,356,131,False,346.0,127.0,6.32455532033676
3894,31856,72,111,101,121,False,86.5,116.0,4.12310562561766
3894,31869,265,201,289,213,False,277.0,207.0,4.74341649025257
3894,31921,48,277,73,293,False,60.5,285.0,8.32165848854662
3894,31954,478,386,487,405,False,482.5,395.5,7.28010988928052
3894,31956,242,179,271,191,False,256.5,185.0,6.18465843842649
3894,31957,487,130,503,147,False,495.0,138.5,5.40832691319598
