frame,ID,xmin,ymin,xmax,ymax,remove,x,y,velocity
3415,23461,482,12,495,35,False,488.5,23.5,0.5
3415,25807,442,198,465,217,False,453.5,207.5,1.58113883008419
3415,28108,52,322,63,346,False,57.5,334.0,4.03112887414927
3415,28115,500,29,511,49,False,505.5,39.0,0.5
3415,28228,497,22,511,45,False,504.0,33.5,1.5
3415,28947,416,312,446,325,False,431.0,318.5,9.65660395791398
3415,28957,78,272,92,298,False,85.0,285.0,7.90569415042095
