frame,ID,xmin,ymin,xmax,ymax,remove,x,y,velocity
3744,25053,524,224,535,247,False,529.5,235.5,1.12131482589659
3744,29270,158,284,172,305,False,165.0,294.5,2.23606797749979
3744,30490,471,38,492,48,False,481.5,43.0,0.707106781186548
3744,30846,127,263,138,287,False,132.5,275.0,6.04152298679729
3744,30955,63,236,81,264,False,72.0,250.0,10.9772492000501
3744,30958,471,104,486,121,False,478.5,112.5,6.72681202353685
3744,30961,322,378,346,386,False,334.0,382.0,10.688779163216
3744,30968,345,156,359,176,False,352.0,166.0,4.94974746830583
3744,30972,311,351,329,360,False,320.0,355.5,6.08276253029822
