frame,ID,xmin,ymin,xmax,ymax,remove,x,y,velocity
3735,29637,482,2,500,25,False,491.0,13.5,0.849160986012246
3735,30028,145,197,159,224,False,152.0,210.5,3.64005494464026
3735,30490,471,38,492,48,False,481.5,43.0,0.707106781186548
3735,30624,80,150,104,162,False,92.0,156.0,4.5
3735,30688,7,358,23,378,False,15.0,368.0,6.9462219947249
3735,30846,150,189,160,218,False,155.0,203.5,6.0
3735,30855,439,314,456,327,False,447.5,320.5,6.26498204307083
3735,30874,485,419,498,432,False,491.5,425.5,2.5
