frame,ID,xmin,ymin,xmax,ymax,remove,x,y,velocity
3956,30549,355,154,370,163,False,362.5,158.5,0.0
3956,31736,470,100,478,123,False,474.0,111.5,3.04138126514911
3956,31855,22,192,46,208,False,34.0,200.0,6.40312423743285
3956,32010,486,40,508,62,False,497.0,51.0,0.25
3956,32127,352,134,364,160,False,358.0,147.0,7.07106781186548
3956,32280,296,198,332,211,False,314.0,204.5,10.1980390271856
3956,32298,324,254,331,267,False,327.5,260.5,6.10327780786685
3956,32322,408,442,437,452,False,422.5,447.0,8.0156097709407
3956,32330,4,330,15,347,False,9.5,338.5,5.0
