frame,ID,xmin,ymin,xmax,ymax,remove,x,y,velocity
3965,30549,355,155,371,163,False,363.0,159.0,0.5
3965,32097,465,48,478,74,False,471.5,61.0,12.5
3965,32324,469,433,483,452,False,476.0,442.5,3.58050275799363
3965,32343,192,185,209,211,False,200.5,198.0,12.8062484748657
3965,32353,183,233,216,245,False,199.5,239.0,9.96242942258564
