frame,ID,xmin,ymin,xmax,ymax,remove,x,y,velocity
2550,17998,423,258,446,272,False,434.5,265.0,0.5
2550,20762,-10,317,5,334,False,-2.5,325.5,1.68021575995466
2550,21436,50,60,63,79,False,56.5,69.5,0.0714285714285714
2550,21622,452,198,472,216,False,462.0,207.0,2.83346902450032
2550,21971,251,309,267,329,False,259.0,319.0,7.47453158726215
2550,21974,0,318,10,340,False,5.0,329.0,3.78169935346532
2550,22164,338,128,353,145,False,345.5,136.5,7.19760762722973
2550,22166,344,443,359,459,False,351.5,451.0,4.27200187265877
2550,22275,431,85,451,97,False,441.0,91.0,0.447213595499958
