frame,ID,xmin,ymin,xmax,ymax,remove,x,y,velocity
4042,32097,466,194,482,211,False,474.0,202.5,0.5
4042,32102,543,168,551,187,False,547.0,177.5,1.11803398874989
4042,32450,539,160,548,177,False,543.5,168.5,2.23606797749979
4042,32481,461,198,492,213,False,476.5,205.5,0.0
4042,32560,333,96,349,105,False,341.0,100.5,6.55353076075018
4042,32631,178,189,206,204,False,192.0,196.5,3.90512483795333
4042,32730,107,139,127,163,False,117.0,151.0,2.35849528301415
4042,32895,92,206,105,227,False,98.5,216.5,12.9034879005639
