frame,ID,xmin,ymin,xmax,ymax,remove,x,y,velocity
3987,30549,354,154,369,162,False,361.5,158.0,0.75
3987,31623,553,123,561,145,False,557.0,134.0,1.21335164821342
3987,32197,495,328,503,344,False,499.0,336.0,4.54478401339327
3987,32450,491,331,501,348,False,496.0,339.5,3.64005494464026
3987,32492,-1,186,11,216,False,5.0,201.0,6.51920240520265
3987,32501,4,181,16,204,False,10.0,192.5,12.619429464124
3987,32525,304,269,322,277,False,313.0,273.0,1.80277563773199
