frame,ID,xmin,ymin,xmax,ymax,remove,x,y,velocity
3977,32002,566,351,576,359,False,571.0,355.0,0.0416666666666667
3977,32010,501,33,515,50,False,508.0,41.5,3.09232921921325
3977,32343,144,273,161,298,False,152.5,285.5,7.90569415042095
3977,32404,348,266,365,275,False,356.5,270.5,8.24621125123532
3977,32413,373,453,389,462,False,381.0,457.5,5.52268050859363
3977,32445,238,132,270,144,False,254.0,138.0,8.24621125123532
3977,32450,485,361,493,378,False,489.0,369.5,6.18465843842649
3977,32468,473,25,484,45,False,478.5,35.0,4.7169905660283
