frame,ID,xmin,ymin,xmax,ymax,remove,x,y,velocity
3793,30554,305,197,328,213,False,316.5,205.0,2.59386294934794
3793,30906,36,261,68,278,False,52.0,269.5,7.61577310586391
3793,30988,157,163,170,191,False,163.5,177.0,1.93256540064697
3793,31138,374,306,385,325,False,379.5,315.5,5.1478150704935
3793,31329,351,259,365,285,False,358.0,272.0,9.01387818865997
3793,31330,161,59,182,68,False,171.5,63.5,4.03112887414927
3793,31341,498,90,511,111,False,504.5,100.5,9.7082439194738
