frame,ID,xmin,ymin,xmax,ymax,remove,x,y,velocity
3757,30361,28,224,47,245,False,37.5,234.5,6.72681202353685
3757,30498,289,179,311,190,False,300.0,184.5,5.70087712549569
3757,30549,344,152,372,167,False,358.0,159.5,0.5
3757,30934,271,301,281,327,False,276.0,314.0,7.56637297521078
3757,31060,140,111,150,142,False,145.0,126.5,13.1529464379659
3757,31070,452,362,474,370,False,463.0,366.0,12.5399362039845
3757,31071,60,297,86,307,False,73.0,302.0,6.5
3757,31082,273,98,288,110,False,280.5,104.0,3.80788655293195
