frame,ID,xmin,ymin,xmax,ymax,remove,x,y,velocity
2772,17998,422,260,445,272,False,433.5,266.0,0.707106781186548
2772,23710,399,399,411,415,False,405.0,407.0,1.0
2772,23839,129,76,148,92,False,138.5,84.0,2.12132034355964
2772,23934,105,321,118,337,False,111.5,329.0,8.5146931829632
2772,23988,128,143,139,169,False,133.5,156.0,9.05538513813742
2772,24033,137,73,149,90,False,143.0,81.5,2.06155281280883
2772,24040,88,262,100,291,False,94.0,276.5,9.01387818865997
2772,24050,338,263,355,290,False,346.5,276.5,6.5
2772,24059,184,16,209,27,False,196.5,21.5,1.58113883008419
