frame,ID,xmin,ymin,xmax,ymax,remove,x,y,velocity
3966,30461,519,349,532,370,False,525.5,359.5,1.90029237516523
3966,32097,467,49,481,75,False,474.0,62.0,2.69258240356725
3966,32115,514,79,529,98,False,521.5,88.5,9.82070163254925
3966,32343,186,196,203,221,False,194.5,208.5,12.0933866224478
3966,32353,174,236,206,247,False,190.0,241.5,9.82344135219425
